num_heads,Test Accuracy
2,0.8627659574468085
4,0.8734042553191489
8,0.8787234042553191
16,0.8680851063829788
