dropout rate,Test Accuracy
0.1,0.8712765957446809
0.2,0.8659574468085106
0.3,0.875531914893617
0.4,0.8595744680851064
0.5,0.8723404255319149
