num_layers,Test Accuracy
2,0.8680851063829788
4,0.8648936170212767
6,0.8893617021276595
8,0.8659574468085106
10,0.851063829787234
