Dropout,R2
0.1,0.5168750286102295
0.2,0.5145403146743774
0.3,0.46251046657562256
0.4,0.32936960458755493
0.5,0.37325477600097656
