num_heads,R2
2,0.5102745890617371
4,0.5418977737426758
8,0.5517085790634155
16,0.5576465129852295
